﻿<?xml version="1.0" encoding="UTF-8" standalone="yes"?>
<addon
	id="repository.vietshare"
	version="1.0.0"
	name="Vieshare Repository"
	provider-name="vietshare">

	<extension point="xbmc.addon.repository"
		name="[COLOR lime][B]Vietshare Repository[/B][/COLOR]">
		<info compressed="true">https://raw.github.com/vietshare/Rasp/master/addons.xml</info>
		<checksum>https://raw.github.com/vietshare/Rasp/master/addons.xml.md5</checksum>
		<datadir zip="true">https://raw.github.com/vietshare/Rasp/master/zips/</datadir>
	</extension>
	<extension point="xbmc.addon.metadata">
		<summary lang="en">Install addon from Vietshare repository</summary>
		<description lang="en">Rasp Repo</description>
		<disclaimer lang="en">No Responsibility</disclaimer>
		<platform>all</platform>
	</extension>
</addon>

