<?xml version="1.0" encoding="UTF-8" standalone="yes"?>
<addon id="plugin.video.tvVietnam" name="Vietnam TV" version="1.0.9" provider-name="vietshare">
  <requires>
    <import addon="xbmc.python" version="2.1.0"/>
    <import addon="repository.docshadrach"/>
  </requires>
  <extension point="xbmc.python.pluginsource" library="default.py">
        <provides>video</provides>
  </extension>
  <extension point="xbmc.addon.metadata">
    <summary lang="en">TV Vietnam</summary>
    <description lang="en">Play TV Vietnam and add your own m3u file</description>
    <platform>all</platform>
  </extension>
</addon>
