<?xml version="1.0" encoding="UTF-8" standalone="yes"?>
<addon id="repository.docshadrach" name="Doc Shadrach's Add-ons" version="1.0" provider-name="Doc Shadrach">
	<extension point="xbmc.addon.repository" name="Doc Shadrach's Add-ons Repo 1.0">
		<info compressed="false">http://github.com/XBMCSpot/docshadrach.repository/raw/master/addons.xml</info>
		<checksum>http://github.com/XBMCSpot/docshadrach.repository/raw/master/addons.xml.md5</checksum>
		<datadir zip="true">http://github.com/XBMCSpot/docshadrach.repository/raw/master/zips</datadir>
	</extension>
	<extension point="xbmc.addon.metadata">
		<summary>Instala add-ons desde el repositorio de Doc Shadrach</summary>
		<description>Visita el spot B75OYRJ de la app Spotbros para enterarte de las novedades.</description>
		<platform>all</platform>
	</extension>
</addon>

